{"cameraMode":{"drawMode":0,"name":"Shaded","section":"Shading Mode"},"sceneLighting":true,"audioPlay":false,"sceneViewState":{"showFog":true,"showMaterialUpdate":false,"showSkybox":true,"showFlares":true,"showImageEffects":true,"showParticleSystems":true},"in2DMode":false,"pivot":{"x":-7.477146148681641,"y":-17.351606369018556,"z":16.591876983642579},"rotation":{"x":-0.4659438133239746,"y":-0.0180496983230114,"z":0.009507670998573304,"w":-0.8845791816711426},"size":37.36982345581055,"orthographic":false}